OABN,BIM
OABT,BST
OAIX,BPM
OACC,CCN
OAFZ,FBD
OAFR,FAH
OAGZ,GRG
OAHR,HEA
OAJL,JAA
OAKB,KBL
OAKN,KDH
OAKS,KHT
OAHN,KWH
OAUZ,UND
OAMN,MMZ
OAMS,MZR
OASN,SGA
OAZJ,ZAJ
LATI,TIA
DAUA,AZR
DAAG,ALG
DABB,AAE
DAAE,BJA
DATM,BMW
DAAD,BUJ
DABC,CZL
DAAJ,DJG
DAUE,ELG
DAUO,ELU
DAUG,GHA
DAUH,HME
DATG,INF
DAUI,INZ
DAAV,GJL
DAOO,ORN
DAUU,OGX
DAAT,TMR
DABS,TEE
DAOB,TID
DAUT,TMX
DAON,TLM
DAUK,TGR
DAUZ,IAM
FNAM,AZZ
FNBG,BUG
FNCA,CAB
FNHU,NOV
FNKU,SVP
FNLU,LAD
FNUB,SDD
FNUE,LUO
FNBC,SSY
FNMA,MEG
FNME,SPP
FNGI,NGV
FNZE,ARZ
FNNG,GXG
FNPA,PBN
FNSA,VHC
FNSO,SZA
FNUG,UGO
FNWK,CEO
FNXA,XGN
TQPF,AXA
TAPH,BBQ
TAPA,ANU
SAVR,ARR
SAZB,BHI
SAZS,BRC
SABE,AEP
SANC,CTC
SAVC,CRD
SACO,COR
SAVE,EQS
SAEZ,EZE
SARF,FMA
SAZG,GPO
SANL,IRJ
SAMM,LGS
SAZM,MDQ
SAME,MDZ
SAAP,PRA
SARP,PSS
SARI,IGR
SAVY,PMY
SATR,RCQ
SARE,RES
SAOC,RCU
SAWG,RGL
SAWE,RGA
SAAR,ROS
SASA,SLA
SADF,FDO
SANU,UAQ
SAOU,LUQ
SAMR,AFA
SAZR,RSA
SANE,SDE
SANT,TUC
SAWH,USH
SAVV,VDM
SAOR,VME
UGEE,EVN
TNCA,AUA
YPAD,ADL
YABA,ALH
YMAY,ABX
YBAS,ASP
YAPH,ABH
YARA,ARY
YARM,ARM
YAVV,AVV
YBNS,BSJ
YBNA,BNK
YBRN,BZD
YSBK,BWU
YBTH,BHS
YBTI,BRT
YBIE,BEU
YBLA,BLN
YBCK,BKQ
YBTR,BLT
YBOU,BQL
YBKE,BRK
YBRW,BWQ
YHOT,MHU
YBBN,BNE
YBHI,BHQ
YBRM,BME
YBUD,BDB
YWYY,BWT
YBLN,BQB
YBCS,CNS
YMHB,HBA
YSCN,CDU
YSCB,CBR
YCAR,CVQ
YCDU,CED
YBCV,CTL
YCCA,CCL
YPXM,XCH
YCMT,CMQ
YCEE,CVC
YCCY,CNJ
YCBA,CAZ
YPCC,CCK
YCOE,CUQ
YSCH,CFS
YCBR,CRB
YCBP,CPD
YBCG,OOL
YCOM,OOM
YCBB,COJ
YCNM,CNB
YCTM,CMD
YCOR,CWW
YCRG,CYG
YCWR,CWT
YCKI,CKI
YCUE,CUY
YPDN,DRW
YDLQ,DNO
YDBY,DRB
YDPO,DPO
YDBI,DRN
YSDU,DBO
YDYS,DYA
YECH,ECH
YELD,ELC
YEML,EMD
YESP,EPR
YMEN,MEB
YPLM,LEA
YFTZ,FIZ
YFLI,FLS
YFBS,FRB
YFRT,FOS
YGEL,GET
YGLA,GLT
YGLI,GLI
YGLB,GUL
YGFN,GFN
YGTH,GFF
YGTE,GTE
YGDH,GUH
YHLC,HCQ
YHML,HLT
YBHM,HTI
YHAY,HXX
YHBA,HVB
YHPN,HTU
YHID,HID
YHSM,HSM
YIVL,IVR
YPJT,JAD
YPKG,KGI
YPKA,KTA
YKMB,KRB
YKMP,KPS
YKER,KRA
YKII,KNS
YKRY,KGY
YKSC,KGC
YKOW,KWM
YPKU,KNX
YMLT,LST
YLEC,LGH
YLST,LER
YLEO,LNO
YLRD,LHG
YLIS,LSY
YLHR,IRG
YLRE,LRE
YLHI,LDH
YBMK,MKY
YMCO,XMC
YMGD,MNG
YMBA,MRG
YBMC,MCY
YSSY,SYD
YMEK,MKR
YSNB,SNB
YGPT,GPN
YMER,MIM
YMIA,MQL
YMMB,MBW
YMRB,MOV
YMOR,MRZ
YMRY,MYA
YLTV,LTB
YMTG,MGB
YBMA,ISA
YMNE,WME
YMOG,MMG
YMDG,DGE
YNBR,NAA
YNAR,NRA
YNRM,QRM
YWLM,NTL
YNWN,ZNE
YPGV,GOV
YSNF,NLK
YNTN,NTN
YORG,OAG
YORB,RBS
YPBO,PBO
YPKS,PKE
YPAG,PUG
YPPD,PHE
YPKT,PKT
YPLC,PLO
YPMQ,PQQ
YPIR,PPI
YPOD,PTJ
YBPN,PPP
YQLP,ULP
YRED,RCL
YPPH,PER
YREN,RMK
YROI,RBC
YBRK,ROK
YROM,RMA
YNGU,RPM
YRTI,RTS
YSGE,SGO
YWSL,SXE
YSHT,SHT
YSMI,SIO
YSPT,SHQ
YSTH,HLS
YSWL,SWC
YSRN,SRN
YSWH,SWH
YSTW,TMW
YTRE,TRO
YTAM,XTO
YTEM,TEM
YTNK,TCA
YTNG,THG
YTGM,XTG
YTIB,TYB
YTWB,TWB
YBTL,TSV
YMML,MEL
YTMU,TUM
YSWG,WGA
YWLG,WGE
YWGT,WGT
YWKB,WKB
YWRN,QRR
YBWP,WEI
YWWL,WWA
YWHA,WYA
YWLU,WUN
YWDH,WNR
YWTN,WIN
YWOL,WOL
YYNG,NGA
YAYE,AYQ
LOWG,GRZ
LOWL,LNZ
LOWI,INN
LOWK,KLU
LOWS,SZG
LOWW,VIE
UBBB,BAK
UBBG,KVD
MYAN,SAQ
MYAB,MAY
MYAF,ASD
MYCA,ATC
MYBC,CCZ
MYSM,ZSA
MYCI,CRI
MYAK,COX
MYLD,LGI
MYGF,FPO
MYEM,GHB
MYEF,GGT
MYBG,GHC
MYLS,SML
MYAM,MHH
MYIG,IGA
MYMM,MYG
MYNN,NAS
MYCB,CAT
MYEN,NMC
MYEH,ELH
MYPI,PID
MYER,RSD
MYBS,BIM
MYAP,AXP
MYES,TYM
MYAT,TCB
OBBI,BAH
VGBR,BZL
VGEG,CGP
VGCM,CLA
VGCB,CXB
VGHS,DAC
VGJR,JSR
VGRJ,RJH
VGSD,SPD
VGSY,ZYL
VGSG,TKR
TBPB,BGI
UMBB,BQT
UMGG,GME
UMMG,GNA
UMMS,MSQ
UMMM,MHP
UMII,VTB
EBAW,ANR
EBBR,BRU
EBCI,CRL
EBKT,KJK
EBLG,LGG
EBOS,OST
MZBZ,BZE
DBBB,COO
DBBK,KDC
DBBN,NAE
DBBP,PKO
TXKF,BDA
VQPR,PBH
SLAP,APB
SLBJ,BJO
SLCA,CAM
SLCO,CIJ
SLCB,CBB
SLCP,CEP
SLGY,GYA
SLLP,LPB
SLMG,MGD
SLAG,MHW
SLOR,ORU
SLPS,PSZ
SLRY,REY
SLRI,RIB
SLRB,RBO
SLRQ,RBQ
SLSB,SRJ
SLSM,SNM
SLSI,SNG
SLJV,SJV
SLJO,SJB
SLRA,SRD
SLVR,VVI
SLET,SRZ
SLSU,SRE
SLTJ,TJA
SLTR,TDD
SLVG,VAH
SLVM,VLM
SLYA,BYC
LQBK,BNX
LQMO,OMO
LQSA,SJJ
LQTZ,TZL
FBFT,FRW
FBSK,GBE
FBGZ,GNZ
FBJW,JWA
FBKE,BBK
FBKR,KHW
FBMN,MUB
FBOR,ORP
FBSP,PKW
FBSW,SWX
FBTS,TBY
FBTL,TLD
SBAR,AJU
SBBE,BEL
SBCF,CNF
SBBH,PLU
SBBV,BVB
SBBR,BSB
SBKP,VCP
SBCG,CGR
SBCR,CMG
SBCZ,CZS
SBCY,CGB
SBCT,CWB
SBFL,FLN
SBFZ,FOR
SBFI,IGU
SBGO,GYN
SBIL,IOS
SBIZ,IMP
SBJP,JPA
SBJV,JOI
SBLO,LDB
SBMQ,MCP
SBMO,MCZ
SBEG,MAO
SBMA,MAB
SBMG,MGF
SBNT,NAT
SBNF,NVT
SBPJ,PMW
SBPP,PMG
SBPA,POA
SBPS,BPS
SBPV,PVH
SBRF,REC
SBRP,RAO
SBRB,RBR
SBGL,GIG
SBRJ,SDU
SBSV,SSA
SBSN,STM
SBSR,SJP
SBSL,SLZ
SBGR,GRU
SBSP,CGH
SBTE,THE
SBUL,UDI
SBVT,VIX
TUPJ,EIS
TUPW,VIJ
WBSB,BWN
LBBG,BOJ
LBGO,GOZ
LBPD,PDV
LBSF,SOF
LBWN,VAR
DFOG,XGA
DFOB,BNR
DFOO,BOY
DFOD,DGU
DFEE,DOR
DFEF,FNG
DFEG,XGG
DFEL,XKA
DFON,XNU
DFFD,OUA
DFCC,OUG
DFET,TEG
HBBA,BJM
HBBE,GID
HBBO,KRE
VDBG,BBM
VDPP,PNH
VDSR,REP
FKKU,BFX
FKKV,BPC
FKKI,OUR
FKKO,BTA
FKKD,DLA
FKKS,DSC
FKKW,EBW
FKKM,FOM
FKKR,GOU
FKKB,KBI
FKKF,MMF
FKKL,MVR
FKKN,NGE
FKKC,TKC
FKYS,NSI
FKKY,YAO
CZML,ZMH
CYXX,YXX
CYKD,LAK
CYKO,AKV
CYAL,YAL
CYLT,YLT
CYTF,YTF
CYEY,YEY
CAJ4,YAA
CKB6,YAX
CYYW,YYW
CYEK,YEK
CYIB,YIB
CYAT,YAT
CYLA,YPJ
CYBG,YBG
CYBC,YBC
CYBK,YBK
CZBF,ZBF
CNE3,XBE
CYXQ,YXQ
CYJQ,ZEL
CYBD,QBC
CYBV,YBV
CYTL,YTL
CCE4,YBI
CZTA,YDV
CYVB,YVB
CYBF,YBY
CZBB,YDT
CYBR,YBR
CYBT,YBT
CNL3,XBR
CZBM,ZBM
CAB5,YBM
CYVT,YVT
CYPZ,YPZ
CYDB,YDB
CYYC,YYC
CYCB,YCB
CYBL,YBL
CYTE,YTE
CYCA,YRF
CYCG,YCG
CYAC,YAC
CYCE,YCE
CYLD,YLD
CYML,YML
CYCL,YCL
CCH4,YHG
CYYG,YYG
CNZ3,XCM
CYCS,YCS
CYCQ,YCQ
CYHR,YHR
CYMT,YMT
CYCW,YCW
CZUM,ZUM
CYYQ,YYQ
CJS3,XCL
CYCY,YCY
CYCN,YCN
CYOD,YOD
CYKC,YKC
CEB3,YCK
CYQQ,YQQ
CYZS,YZS
CYCC,YCC
CYCT,YCT
CAH3,YCA
CYYM,YYM
CYXC,YXC
CYCR,YCR
CYDN,YDN
CCB4,YDI
CYDQ,YDQ
CYDA,YDA
CYDL,YDL
CYDF,YDF
CYVZ,YVZ
CYWJ,YWJ
CYID,YDG
CYDO,YDO
CER3,YDC
CYHD,YHD
CAM3,DUQ
CYXR,YXR
CZEM,ZEM
CYXD,YXD
CYEG,YEG
CYET,YET
CYEL,YEL
CYEN,YEN
CYEU,YEU
CYCZ,YCZ
CEB5,ZFW
CZFA,ZFA
CYFO,YFO
CZFD,ZFD
CYFC,YFC
CYFA,YFA
CYPY,YPY
CYAG,YAG
CYGH,YGH
CYFH,YFH
CYJF,YJF
CYMM,YMM
CZFM,ZFM
CYYE,YYE
CZFN,ZFN
CYFR,YFR
CYER,YER
CYFS,YFS
CYSM,YSM
CYXJ,YXJ
CYQX,YQX
CYGP,YGP
CYND,YND
CYGQ,YGQ
CYGX,YGX
CYGM,YGM
CYHK,YHK
CYGO,YGO
CZGI,ZGI
CYYR,YYR
CYZE,YZE
CZGF,ZGF
CEQ5,YGC
CYQU,YQU
CYZX,YZX
CYGZ,YGZ
CYHT,YHT
CYHZ,YHZ
CYAW,YAW
CYUX,YUX
CYHM,YHM
CJL2,YDJ
CYGV,YGV
CYHY,YHY
CYHF,YHF
CYOJ,YOJ
CZHP,ZHP
CEC4,YJA
CYHI,YHI
CYHE,YHE
CYHO,YHO
CYHN,YHN
CYHB,YHB
CYNH,YNH
CYGT,YGT
CZUC,ZUC
CYGR,YGR
CZBD,ILF
CYPH,YPH
CYEV,YEV
CYFB,YFB
CYIV,YIV
CYIK,YIK
CZJG,ZJG
CYKA,YKA
CYLU,XGR
CYKG,YWB
CYAS,YKG
CYYU,YYU
CYAQ,XKS
CJL8,YDU
CZKE,ZKE
CPV8,KEW
CYLW,YLW
CZEE,KES
CYQK,YQK
CYKJ,YKJ
CNS7,YKD
CYKY,YKY
CNM5,KIF
CYGK,YGK
CYKX,YKX
CYKF,YKF
CYCO,YCO
CYVP,YVP
CYGW,YGW
CYGL,YGL
CYVC,YVC
CSR8,SSQ
CYLQ,YLQ
CZWH,XLB
CYLB,YLB
CEM3,YLE
CYLH,YLH
CYLR,YLR
CSH4,YLS
CYQL,YQL
CZGR,ZGR
CYLL,YLL
CYXU,YXU
CYYL,YYL
CFC4,XMP
CYFT,YMN
CYMG,YMG
CYEM,YEM
CYMW,YMW
CYSP,YSP
CYMH,YMH
CZMT,ZMT
CYNM,YNM
CYME,YME
CYMA,YMA
CYLJ,YLJ
CYXH,YXH
CAD5,YMB
CYCH,YCH
CYQM,YQM
CYYY,YYY
CYUL,YUL
CYMX,YMX
CYMJ,YMJ
CYMO,YMO
CYQA,YQA
CZMD,MSA
CYDP,YDP
CYQN,YQN
CYCD,YCD
CYSR,YSR
CYNA,YNA
CYHH,YNS
CYVQ,YVQ
CYQW,YQW
CYYB,YYB
CYNE,YNE
CNT3,YOG
CYOC,YOC
CYOO,YOO
CYRO,YRO
CYOW,YOW
CYOS,YOS
CYOH,YOH
CYXP,YXP
CNK4,YPD
CYPC,YPC
CYPE,YPE
CYPO,YPO
CYBB,YBB
CYTA,YTA
CYYF,YYF
CYWA,YWA
CYPQ,YPQ
CYPL,YPL
CYPM,YPM
CZMN,PIW
CZPC,WPC
CZPO,ZPO
CYNL,YNL
CYIO,YIO
CZNG,XPP
CYZT,YZT
CYPD,YPS
CCP4,YHA
CAT5,YMP
CYPN,YPN
CYPG,YPG
CCD4,YSO
CYPW,YPW
CYPA,YPA
CYXS,YXS
CYPR,YPR
CZFG,XPK
CYPX,YPX
CYVM,YVM
CYHA,YQC
CYQB,YQB
CYQZ,YQZ
CEV4,YRA
CYOP,YOP
CYRT,YRT
CYQF,YQF
CYRL,YRL
CYRS,YRS
CYQR,YQR
CYUT,YUT
CYRB,YRB
CYRV,YRV
CCZ2,YRG
CYXK,YXK
CYRI,YRI
CYRJ,YRJ
CYRM,YRM
CYDM,XRR
CZRJ,ZRJ
CYUY,YUY
CZPB,ZPB
CYSY,YSY
CYSJ,YSJ
CYZG,YZG
CZAM,YSN
CYZP,YZP
CZSJ,ZSJ
CYSK,YSK
CYZR,YZR
CYXE,YXE
CYAM,YAM
CYKL,YKL
CAP3,YHS
CYZV,YZV
CZTM,ZTM
CYSC,YSC
CYXL,YXL
CYZH,YZH
CYYD,YYD
CYSH,YSH
CZSN,XSI
CYSE,YSE
CYAY,YAY
CYSN,YCM
CYYT,YYT
CCK4,YFX
CYST,YST
CYQS,YQS
CYIF,YIF
CYHU,YHU
CYJN,YJN
CYSL,YSL
CYJT,YJT
CZST,ZST
CYSF,YSF
CYSB,YSB
CYSD,YSD
CJV7,SUR
CYSU,YSU
CZJN,ZJN
CYYN,YYN
CYQY,YQY
CYBQ,XTL
CYYH,YYH
CYTQ,YTQ
CBM5,YTX
CYTJ,YTJ
CYXT,YXT
CYZW,YZW
CYGB,YGB
CYQD,YQD
CZLQ,YTD
CYTH,YTH
CYQT,YQT
CYTS,YTS
CJY3,YTT
CYAZ,YAZ
CYTZ,YTZ
CYKZ,YKZ
CYYZ,YYZ
CYTR,YTR
CYRQ,YRQ
CYUB,YUB
CBX7,TUX
CBX5,TNS
CYMU,YUD
CYBE,YBE
CYVO,YVO
CYVR,YVR
CYVG,YVG
CYVK,YVE
CYYJ,YYJ
CYWK,YWK
CYKQ,YKQ
CYQH,YQH
CYXZ,YXZ
CYWP,YWP
CFJ2,YFJ
CYNC,YNC
CYXN,YXN
CYZU,YZU
CYXY,YXY
CYVV,YVV
CCA6,YWM
CYWL,YWL
CYQG,YQG
CYWG,YWG
CZWL,ZWL
CYWY,YWY
CKL3,WNN
CYQI,YQI
CYZF,YZF
CZAC,ZAC
CYQV,YQV
GVFM,RAI
GVMA,MMO
GVSN,SNE
GVBA,BVC
GVSV,VXE
GVAC,SID
MWCB,CYB
MWCR,GCM
FEFM,BBY
FEFG,BGU
FEFF,BGF
FEFT,BBT
FEFI,IRO
FEFS,BSN
FEFO,BOP
FEGZ,BOZ
FEFR,BIV
FEFN,NDL
FEFB,MKI
FEFY,AIG
FEFZ,IMO
FTTC,AEH
FTTN,AMC
FTTI,ATV
FTTK,BKR
FTTL,OTC
FTTB,OGR
FTTS,OUT
FTTY,FYT
FTTH,LTC
FTTU,AMO
FTTM,MVO
FTTD,MQQ
FTTJ,NDJ
FTTP,PLF
FTTA,SRH
SCAC,ZUD
SCFA,ANF
SCAR,ARI
SCBA,BBA
SCCF,CJC
SCSB,SMB
SCTN,WCH
SCRA,CNR
SCCC,CCH
SCCH,YAI
SCHR,LGR
SCIE,CCP
SCHA,CPO
SCCY,GXQ
SCES,ESR
SCFT,FFU
SCDA,IQQ
SCSE,LSC
SCLN,ZLR
SCAN,LOB
SCGE,LSQ
SCJO,ZOS
SCFM,WPR
SCPC,ZPC
SCAS,WPA
SCTE,PMC
SCNT,PNT
SCGZ,WPU
SCCI,PUQ
SCRG,QRC
SCSF,SSD
SCEL,SCL
SCTI,ULC
SCTL,TLX
SCTT,TTC
SCTC,ZCO
SCBE,TOQ
SCVD,ZAL
SCLL,VLR
SCTO,ZIC
SCVM,KNA
ZWAK,AKU
ZWAT,AAT
ZSAQ,AQG
ZYAS,AOG
ZHAY,AYN
ZPBS,BSD
ZBOW,BAV
ZGBH,BHY
ZBBB,NAY
ZBAA,PEK
ZSBB,BFU
ZYCC,CGQ
ZGHA,CSX
ZBCZ,CIH
ZSCG,CZX
ZUUU,CTU
ZBCF,CIF
ZUCK,CKG
ZYTL,DLC
ZYDD,DDG
ZBDT,DAT
ZLDH,DNH
ZSFY,FUG
ZWFY,FYN
ZSFZ,FOC
ZSGZ,KOW
ZLGM,GOQ
ZGGG,CAN
ZGKL,KWL
ZUGY,KWE
ZJHK,HAK
ZBLA,HLD
ZWHM,HMI
ZSHC,HGH
ZLHZ,HZG
ZYHB,HRB
ZSOF,HFE
ZYHE,HEK
ZGHY,HNY
ZBHH,HET
VHHH,HKG
ZWTN,HTN
ZSTX,TXN
ZSLQ,HYN
ZYJM,JMU
ZYJL,JIL
ZSJN,TNA
ZSJD,JDZ
ZPJH,JHG
ZLJN,JNG
ZYJZ,JNZ
ZSJJ,JIU
ZLJQ,CHW
ZWKM,KRY
ZWSH,KHG
ZWKL,KRL
ZPPP,KMG
ZWKC,KCA
ZLLL,ZGC
ZLAN,LHW
ZULS,LXA
ZSLG,LYG
ZPLJ,LJG
ZGZH,LZH
ZHLY,LYA
ZPLX,YUM
VMMC,MFM
ZYMD,MDG
ZSCN,KHN
ZUNC,NAO
ZSNJ,NKG
ZGNN,NNG
ZHNY,NNY
ZSNB,NGB
ZSQD,TAO
ZLQY,IQN
ZBSH,SHP
ZYQQ,NDG
ZSQZ,JJN
ZGSY,SYX
ZSPD,PVG
ZSSS,SHA
ZGOW,SWA
ZHSS,SHS
ZYTX,SHE
ZGSZ,SZX
ZBSJ,SJW
ZPSM,SYM
ZSSZ,SZV
ZBYN,TYN
ZBTJ,TSN
ZYTN,TNH
ZBTL,TGO
ZBUL,HLH
ZWWW,URC
ZSWF,WEF
ZSWZ,WNZ
ZHHH,WUH
ZSWX,WUX
ZSWY,WUS
ZGWZ,WUZ
ZLXY,XIY
ZSAM,XMN
ZHXF,XFN
ZUXC,XIC
ZBXT,XNT
ZLXN,XNN
ZSXZ,XUZ
ZLYA,ENY
ZYYJ,YNJ
ZSYT,YNT
ZUYB,YBP
ZHYC,YIH
ZLIC,INC
ZWYN,YIN
ZSYW,YIW
ZLYL,UYN
ZGZJ,ZHA
ZPZT,ZAT
ZHCC,CGO
ZSZS,HSN
ZGSD,ZUH
ZUZY,ZYI
SKAC,ACR
SKUC,AUC
SKAR,AXM
SKBS,BSC
SKEJ,EJA
SKBQ,BAQ
SKBG,BGA
SKBU,BUN
SKCL,CLO
SKCG,CTG
SKGO,CRC
SKCR,CUO
SKCU,CAQ
SKHA,CPL
SKIG,IGO
SKCM,CIM
SKCD,COG
SKCZ,CZU
SKCV,CVE
SKCN,RAV
SKCC,CUC
SKEB,EBG
SKBC,ELB
SKYP,EYP
SKFL,FLA
SKGI,GIR
SKGP,GPI
SKHC,HTZ
SKIB,IBE
SKIP,IPI
SKPV,PVA
SKLP,LPD
SKLT,LET
SKMG,MGN
SKAO,MCJ
SKQU,MQU
SKMD,EOH
SKMF,MFS
SKMU,MVP
SKMP,MMP
SKMR,MTR
SKNV,NVA
SKOC,OCV
SKPQ,PAL
SKPS,PSO
SKPZ,PZA
SKPE,PEI
SKPI,PTX
SKPP,PPN
SKAS,PUU
SKPR,PBE
SKPC,PCR
SKPD,PDA
SKLG,LQM
SKUI,UIB
SKOT,OTU
SKRH,RCH
SKRG,MDE
SKSJ,SJE
SKSV,SVI
SKSM,SMR
SKBO,BOG
SKSA,RVE
SKSO,SOX
SKTM,TME
SKTB,TIB
SKTQ,TQS
SKTD,TDA
SKUL,ULQ
SKCO,TCO
SKTU,TRB
SKVP,VUP
SKVG,VGZ
SKVV,VVC
FMCV,AJN
FMCI,NWA
FMCH,HAH
FMCN,YVA
FZBO,FDU
FZEN,BSU
FZVR,BAN
FZNP,BNC
FZGN,BNB
FZAJ,BOA
FZMA,BKY
FZFU,BMB
FZKA,BUX
FZKJ,BZU
FZWC,GDJ
FZFD,BDT
FZFK,GMA
FZNA,GOM
FZCB,IDF
FZGV,IKL
FZVS,PFR
FZBA,INO
FZJH,IRP
FZRM,KBO
FZWT,KBN
FZRF,FMI
FZOD,KLY
FZSA,KMN
FZUA,KGA
FZTK,KNM
FZSK,KAP
FZQG,KEC
FZOK,KGN
FZCA,KKW
FZOA,KND
FZAA,FIH
FZAB,NLO
FZIC,FKI
FZQM,KWZ
FZRQ,KOO
FZFP,KLI
FZFA,LIE
FZGA,LIQ
FZVA,LJA
FZQA,FBM
FZUG,LZA
FZAL,LZI
FZVI,LBO
FZCE,LUS
FZRA,MNO
FZCV,MSM
FZAM,MAT
FZEA,MDK
FZWA,MJM
FZRB,BDV
FZVM,MEW
FZBI,NIO
FZOP,PUN
FZQC,PWO
FZUK,TSH
FCOT,BTB
FCOB,BOE
FCBB,BZV
FCBD,DJM
FCPL,DIS
FCOE,EWO
FCOI,ION
FCOK,KEE
FCBK,KNJ
FCBL,LCO
FCPA,KMK
FCOM,MKJ
FCMM,MSX
FCBM,MUY
FCBY,NKY
FCOU,OUE
FCOO,FTX
FCPP,PNR
FCBS,SIB
FCOS,SOE
FCBZ,ANJ
NCAI,AIT
NCMK,MUK
NCPY,PYE
NCRG,RAR
MRBC,BCL
MRBA,BAI
MRCR,RIK
MRCC,OTR
MRDK,DRK
MRGF,GLF
MRGP,GPL
MRAN,FON
MRLB,LIR
MRLM,LIO
MRLC,LSL
MRNS,NOM
MRPM,PMZ
MRPJ,PJM
MRIA,PBP
MRQP,XQP
MROC,SJO
MRPV,SYQ
MRTM,TNO
MRTR,TMU
MRAO,TTQ
MRUP,UPL
LDSB,BWK
LDDU,DBV
LDOS,OSI
LDPL,PUY
LDRI,RJK
LDSP,SPU
LDZD,ZAD
LDZA,ZAG
MUBA,BCA
MUBY,BYM
MUCM,CMW
MUOC,CCC
MUCL,CYO
MUCA,AVI
MUCF,CFG
MUGT,GAO
MUHA,HAV
MUHG,HOG
MUSN,SZJ
MUKW,VRO
MUVT,VTU
MUMZ,MZO
MUMO,MOA
MUNC,ICR
MUNG,GER
MULM,LCL
MUPR,QPD
MUNB,QSN
MUSC,SNU
MUCU,SCU
MUTD,TND
MUVR,VRA
LCLK,LCA
LCEN,ECN
LCPH,PFO
LKTB,BRQ
LKKV,KLV
LKMT,OSR
LKPD,PED
LKPR,PRG
LKKU,UHE
EKYT,AAL
EKAH,AAR
EKBI,BLL
EKRK,RKE
EKCH,CPH
EKEB,EBJ
EKKA,KRP
EKOD,ODE
EKRN,RNN
EKSB,SGD
EKVJ,STA
EKTS,TED
HFFF,JIB
TDPD,DOM
TDCF,DCF
MDBH,BRX
MDCZ,COZ
MDLR,LRM
MDCR,CBJ
MDPP,POP
MDPC,PUJ
MDSD,SDQ
MDSB,SNX
MDPO,EPS
MDSJ,SJM
MDST,STI
MDHE,HEX
MDLI,SLI
WPDL,DIL
WPMN,MPT
SEAM,ATF
SEGS,GPS
SECO,OCC
SECU,CUE
SEGU,GYE
SEMA,MRR
SEMC,XMS
SEMH,MCH
SEMT,MEC
SELA,LGQ
SEPV,PVO
SEQU,UIO
SESA,SNC
SEST,SCY
SESV,BHA
SESM,PTZ
SESC,SUQ
SETN,ESM
SETH,TSC
SETR,TPC
SETI,TPN
SETU,TUA
HEBL,ABS
HEBA,HBE
HEAX,ALY
HESN,ASW
HEAT,ATZ
HECA,CAI
HEDK,DAK
HEAR,AAC
HEKG,UVL
HETR,ELT
HEGN,HRG
HELX,LXR
HEMA,RMF
HEMM,MUH
HEPS,PSD
HEOW,GSQ
HESH,SSH
HESC,SKV
HETB,TCP
FGBT,BSG
FGSL,SSG
EEKA,KDL
EEKE,URE
EEPU,EPU
EETN,TLL
EETU,TAY
HAAB,ADD
HAAM,AMH
HASO,ASO
HALA,AWA
HAAX,AXU
HABC,BCO
HABD,BJR
HABE,BEI
HADM,DBM
HADT,DBT
HADD,DEM
HADC,DSE
HADR,DIR
HAFN,FNH
HAGM,GMB
HAGH,GNN
HAGB,GOB
HAGN,GDQ
HAGR,GOR
HAHU,HUE
HAJM,JIM
HAKD,ABK
HALL,LLI
HAML,MZX
HAMA,MKS
HAMK,MQX
HAMN,NDM
HAMM,ETE
HAMT,MTF
HANJ,NEJ
HANK,NEK
HASK,SKR
HASD,SXU
HATP,TIE
HAWC,WAC
EGYP,MPN
EKVG,FAE
NFNL,LBS
NFFN,NAN
NFNA,SUV
NFNR,RTA
EFET,ENF
EFHF,HEM
EFHK,HEL
EFHV,HYV
EFIV,IVL
EFJO,JOE
EFJY,JYV
EFKI,KAJ
EFKJ,KHJ
EFKA,KAU
EFKE,KEM
EFIT,KTQ
EFKT,KTT
EFKK,KOK
EFKU,KUO
EFKS,KAO
EFLP,LPP
EFMA,MHQ
EFMI,MIK
EFOU,OUL
EFPO,POR
EFRO,RVN
EFSA,SVL
EFIL,SJY
EFSO,SOT
EFTP,TMP
EFTU,TKU
EFVA,VAA
EFVR,VRK
EFYL,YLI
LFOI,XAB
LFBA,AGF
LFKJ,AJA
LFCI,LBI
LFJR,ANE
LFBU,ANG
LFLP,NCY
LFQD,QRV
LFHO,OBS
LFDH,AUC
LFLW,AUR
LFQF,XXG
LFLA,AUF
LFMV,AVN
LFSB,EAP
LFKB,BIA
LFOB,BVA
LFBE,EGC
LFQM,QBQ
LFMU,BZR
LFBZ,BIQ
LFOQ,XBQ
LFBD,BOD
LFLD,BOU
LFRB,BES
LFBV,BVE
LFRK,CFR
LFCC,ZAO
LFAC,CQF
LFKC,CLY
LFMD,CEQ
LFMK,CCF
LFCK,DCM
LFLB,CMF
LFLX,CHR
LFRC,CER
LFOU,CET
LFLC,CFE
LFBG,CNG
LFGA,CMR
LFLJ,CVF
LFPC,CSF
LFRG,DOL
LFAB,DPE
LFSD,DIJ
LFRD,DNR
LFGJ,DLE
LFSG,EPL
LFOE,EVX
LFKF,FSC
LFNA,GAT
LFRF,GFR
LFLS,GNB
LFEY,IDY
LFRI,EDM
LFBH,LRH
LFRE,LBY
LFRO,LAI
LFOV,LVA
LFMQ,CTT
LFOH,LEH
LFRM,LME
LFHP,LPY
LFAT,LTQ
LFQQ,LIL
LFBL,LIG
LFRH,LRT
LFLL,LYS
LFLY,LYN
LFML,MRS
LFHM,MVV
LFNB,MEN
LFKX,MFX
LFQT,HZB
LFSF,MZM
LFJL,ETZ
LFBK,MCU
LFMT,MPL
LFRU,MXN
LFSN,ENC
LFRS,NTE
LFQG,NVS
LFMN,NCE
LFBN,NIT
LFOJ,ORE
LFPO,ORY
LFPG,CDG
LFPB,LBG
LFBP,PUF
LFBX,PGX
LFMP,PGF
LFBI,PIS
LFPT,POX
LFKO,PRP
LFRQ,UIP
LFSR,RHE
LFRN,RNS
LFLO,RNE
LFDN,RCO
LFCR,RDZ
LFOP,URO
LFCY,RYN
LFKS,SOZ
LFRT,SBK
LFMH,EBU
LFRZ,SNR
LFST,SXB
LFBT,LDE
LFBO,TLS
LFOT,TUF
LFPN,TNF
LFLU,VAF
LFRV,VNE
LFLV,VHY
LFSZ,VTL
LFXC,VTL
SOCA,CAY
NTTB,BOB
NTTR,RFP
NTTG,RGI
FOOB,BMM
FOGB,BGB
FOGF,FOU
FOON,MVB
FOGR,LBQ
FOOR,LTL
FOOL,LBV
FOOK,MKU
FOOY,MYB
FOGG,MBC
FOOE,MKB
FOGV,MVX
FOOM,MZC
FOGI,MGX
FOOD,MFF
FOGM,MJL
FOGE,KDN
FOGQ,OKN
FOOH,OMB
FOGO,OYE
FOOG,POG
FOOS,ZKM
FOOT,TCH
GBYD,BJL
UGSS,SUI
UGGG,TBS
EDMA,AGB
EDBH,BBH
EDQD,BYU
EDDB,BER
EDDT,TXL
EDLI,BFE
EDWR,BMK
EDVE,BWE
EDDW,BRE
EDWB,BRV
EDGS,SGE
EDLP,PAD
EDXB,HEI
EDVK,KSF
EDLW,DTM
EDDC,DRS
EDDL,DUS
EDWE,EME
EDDE,ERF
EDLE,ESS
EDDF,FRA
EDNY,FDH
EDDG,FMO
EDFH,HHN
EDHI,XFW
EDDH,HAM
EDDV,HAJ
EDXH,HGL
EDAH,HDF
EDQM,HOQ
EDWJ,JUI
EDHK,KEL
EDDK,CGN
ETNL,RLG
EDTL,LHA
EDDP,LEJ
EDHL,LBC
EDBC,CSO
ETSI,IGS
EDFM,MHG
EDWI,WVN
EDJA,FMM
EDLN,MGL
EDDM,MUC
EDAC,AOC
EDWY,NRD
ETMN,FCN
EDDN,NUE
EDOP,SZW
EDSB,FKB
EDDR,SCN
EDDS,STR
ETNU,FNB
EDWG,AGE
EDLV,NRN
EDMO,OBI
EDXW,GWT
EDXY,OHR
DGAA,ACC
DGSI,KMS
DGSN,NYI
DGTK,TKD
DGLE,TML
LXGB,GIB
LGBL,VOL
LGAL,AXD
LGRX,GPA
LGPL,JTY
LGAV,ATH
LGSA,CHQ
LGHI,JKH
LGKR,CFU
LGIR,HER
LGIK,JIK
LGIO,IOA
LGKL,KLX
LGKP,AOK
LGKS,KSJ
LGKJ,KZS
LGKA,KSO
LGKV,KVA
LGKF,EFL
LGKO,KGS
LGKZ,KZI
LGKC,KIT
LGLM,LXS
LGML,MLO
LGMK,JMK
LGMT,MJT
LGNX,JNX
LGPA,PAS
LGPZ,PVK
LGRP,RHO
LGSM,SMI
LGSR,JTR
LGST,JSH
LGSK,JSI
LGSY,SKU
LGSO,JSY
LGTS,SKG
LGZA,ZTH
BGEM,JEG
BGAM,AGM
BGDU,DUN
BGJN,JAV
BGSC,OBY
BGKA,QPW
BGSF,SFJ
BGKK,KUS
BGNN,JNN
BGNS,JNS
BGBW,UAK
BGCO,CNP
BGGH,GOH
BGFH,JFR
BGTL,THU
BGQA,NAQ
BGCH,JCH
BGGN,JGO
BGHB,JHS
BGUP,JUV
BGUM,UMD
TGPY,GND
TFFB,BBR
TFFM,GBJ
TFFA,DSD
TFFR,PTP
TFFJ,SBH
TFFC,SFC
TFFG,SFG
TFFS,LSS
PGUM,GUM
MGCR,CMM
MGCT,CTF
MGCB,CBV
MGTK,FRS
MGGT,GUA
MGHT,HUG
MGMM,MCR
MGPP,PON
MGPB,PBR
MGQZ,AAZ
MGQC,AQB
MGRT,RER
MGRB,RUV
GUOK,BKJ
GUCY,CKY
GUFH,FAA
GUFA,FIG
GUXD,KNN
GUKU,KSI
GUSB,SBI
GULB,LEK
GUMA,MCA
GUNZ,NZE
GUSI,GII
GGOV,OXB
SYAH,AHL
SYAN,NAI
SYCJ,GEO
SYIB,IMB
SYKM,KAR
SYKR,KRM
SYKT,KTO
SYLT,LTM
SYLP,LUB
SYMD,MHA
SYOR,ORJ
MTCH,CAP
MTJA,JAK
MTJE,JEE
MTPX,PAX
MTPP,PAP
MHCA,CAA
MHLC,LCE
MHLE,LEZ
MHPL,PEU
MHRO,RTB
MHLM,SAP
MHTG,TGU
MHTE,TEA
LHBP,BUD
LHDC,DEB
LHPR,QGY
LHMC,MCQ
LHSM,SOB
BIAR,AEY
BIBL,BLO
BIEG,EGS
BIHN,HFN
BIIS,IFJ
BIKF,KEF
BINF,NOR
BIPA,PFJ
BITE,TEY
BIRG,RFN
BIRK,RKV
BITH,THO
BIKR,SAK
BISI,SIJ
BIST,SYK
BIVM,VEY
VEAT,IXA
VOAT,AGX
VIAG,AGR
VAAH,AMD
VELP,AJL
VAAK,AKD
VIAL,IXD
VIAR,ATQ
VAAU,IXU
VEBD,IXB
VEBG,RGH
VOBG,BLR
VABM,IXG
VABV,BHU
VABP,BHO
VEBS,BBI
VABJ,BHJ
VIBR,KUU
VICG,IXC
VOMM,MAA
VOCB,CJB
VECO,COH
VAGO,GOI
VIDN,DED
VEC1,DIB
VEMR,DMU
VA1P,DIU
VEGY,GAY
VEGK,GOP
VEGT,GAU
VIGR,GWL
VA1A,HBX
VOHY,HYD
VEIM,IMF
VAID,IDR
VAJB,JLR
VE46,JGB
VIJP,JAI
VIJR,JSA
VIJU,IXJ
VAJM,JGA
VEJS,IXW
VIJO,JDH
VEJT,JRH
VOCP,CDP
VEKR,IXH
VAKE,IXY
VIGG,DHM
VIKA,KNU
VAKS,IXK
VAKJ,HJR
VOCI,COK
VAKP,KLH
VECC,CCU
VIKO,KTU
VOCL,CCJ
VILH,IXL
VILK,LKO
VILD,LUH
VOMD,IXM
VEMH,LDA
VOML,IXE
VABB,BOM
VEMZ,MZU
VOMY,MYQ
VANP,NAG
VAND,NDC
VIDP,DEL
VELR,IXI
VIPT,PGH
VEPG,IXT
VEPT,PAT
VOPC,PNY
VAPR,PBD
VOPB,IXZ
VAPO,PNQ
VEPU,PUI
VOPN,BEK
VARP,RPR
VORY,RJA
VARK,RAJ
VERC,IXR
VERK,RRK
VERU,RUP
VOSM,SXV
VEBI,SHL
VISM,SLV
VEKU,IXS
VASL,SSE
VISR,SXR
VASU,STV
VETZ,TEZ
VETJ,TEI
VOTV,TRV
VO80,TCR
VOTR,TRZ
VOTP,TIR
VAUD,UDR
VABO,BDQ
VIBN,VNS
VOBZ,VGA
VEVZ,VTZ
VEZO,ZER
WAPP,AMQ
WALL,BPN
WITT,BTJ
WIIT,TKG
WIIB,BDO
WRBB,BDJ
WIKB,BTH
WABB,BIK
WIII,CGK
WADD,DPS
WIIH,HLP
WAJJ,DJJ
WAAU,KDI
WIPT,PDG
WRKK,KOE
WAAA,UPG
WAMM,MDC
WRRA,AMI
WIMM,MES
WRBP,PKY
WIPP,PLM
WAML,PLW
WIBB,PKU
WIOO,PNK
WRLS,SRI
WIIS,SRG
WRSJ,SUB
WRSQ,SOC
WIKN,TNJ
WRLR,TRK
WIIJ,JOG
OIAA,ABD
OIAW,AWZ
OITL,ADU
OIBI,YEH
OIKM,BXR
OIKB,BND
OIBL,BDH
OIMB,XBJ
OIMN,BJB
OIBB,BUZ
OIZC,ZBR
OIFM,IFN
OIHH,HDM
OIKK,KER
OICC,KSH
OIBQ,KHK
OICK,KHD
OIBK,KIH
OIBV,LVP
OIAM,MRX
OIMM,MHD
OIKR,RJN
OINR,RZR
OIGG,RAS
OICS,SDG
OIMC,CKT
OINZ,SRY
OISS,SYZ
OIKY,SYJ
OIBS,SXI
OIMT,TCX
OITT,TBZ
OIIE,IKA
OIII,THR
OIYY,AZD
OIZB,ACZ
OIZH,ZAH
ORER,EBL
ORSU,ISU
EICM,GWY
EIDL,CFN
EICK,ORK
EIDW,DUB
EIKY,KIR
EICA,NNR
EIKN,NOC
EINN,SNN
EISG,SXL
EIWF,WAT
LLBS,BEV
LLET,ETH
LLEY,EIY
LLHA,HFA
LLMZ,MTZ
LLMR,MIP
LLOV,VDA
LLKS,KSW
LLIB,RPN
LLBG,TLV
LLSD,SDV
LIMG,ALL
LIEA,AHO
LIPY,AOI
LIMW,AOT
LIBD,BRI
LIDB,BLX
LIME,BGY
LIPE,BLQ
LIPB,BZO
LIPO,VBS
LIBR,BDS
LIEE,CAG
LIPD,UDN
LICC,CTA
LIBC,CRV
LIMZ,CUF
LIRQ,FLR
LIBF,FOG
LIPK,FRL
LIMJ,GOA
LIRS,GRS
LICA,SUF
LICD,LMP
LIRL,QLT
LIBN,LCC
LIQL,LCV
LIRJ,EBA
LIML,LIN
LIMC,MXP
LIRN,NAP
LIEO,OLB
LICJ,PMO
LICG,PNL
LIMP,PMF
LIRZ,PEG
LIBP,PSR
LIRP,PSA
LIDR,RAN
LICR,REG
LIPR,RMI
LIRA,CIA
LIRF,FCO
LIPQ,TRS
LIQS,SAY
LIBG,TAR
LIET,TTB
LICT,TPS
LIPH,TSF
LIMF,TRN
LIPZ,VCE
LIPX,VRN
LIPT,VIC
DIAU,OGO
DIAP,ABJ
DIBU,BDK
DIBK,BYK
DIBN,BQO
DIBI,BXI
DIDL,DJO
DIDK,DIM
DIFK,FEK
DIGN,BBV
DIGL,GGO
DIKO,HGO
DIMN,MJC
DIOD,KEO
DIOF,OFI
DISP,SPY
DISS,ZSS
DITB,TXU
DITM,TOZ
DIYO,ASK
MKJP,KIN
MKJS,MBJ
RJGG,NGO
RJNA,NKM
RJSK,AXT
RJSR,ONJ
RJSA,AOJ
RJAA,NRT
RJOM,MYJ
RJNF,FKJ
RJFF,FUK
RJFR,KKJ
RJSF,FKS
RJOA,HIJ
RJCK,KUH
RJCM,MMB
RJCC,CTS
RJER,RIS
RJEC,AKJ
RJEB,MBE
RJCR,RBJ
RJCW,WKJ
RJCH,HKD
RJCB,OBO
RJEO,OIR
RJCN,SHB
RJOO,ITM
RJBE,UKB
RJNW,NTQ
RJSI,HNA
RJOT,TAK
RJFG,TNE
RJKN,TKN
RJKI,KKX
RJFK,KOJ
RJFC,KUM
RJKA,ASJ
RJKB,OKE
RORY,RNJ
RJOK,KCZ
RJFT,KMJ
RJSS,SDJ
RJFM,KMI
RJAF,MMJ
RJDT,TSJ
RJFE,FUJ
RJDB,IKI
RJFU,NGS
RJSD,SDS
RJSN,KIJ
RJFO,OIT
RJOB,OKJ
RORE,IEJ
ROAH,OKA
ROMY,MMY
ROKJ,UEO
ROKR,KJP
RORK,KTD
ROYN,OGN
RORH,HTR
ROIG,ISG
RORT,TRA
RORS,SHI
RORA,AGJ
ROMD,MMD
RJBB,KIX
RJFS,HSG
RJNO,OKI
RJOC,IZO
RJOW,IWJ
RJTO,OIM
RJTH,HAC
RJTQ,MYE
RJTT,HND
RJOR,TTJ
RJNT,TOY
RJBD,SHM
RJSY,SYO
RJSC,GAJ
RJDC,UBJ
OJAI,AMM
OJAM,ADJ
OJAQ,AQJ
UATT,AKX
UAAA,ALA
UACC,TSE
UATG,GUW
UAAH,BXH
UAKK,KGF
UAUU,KSN
UARR,URA
UAKD,DZN
HKAM,ASV
HKED,EDL
HKES,EYS
HKGA,GAS
HKHO,HOA
HKFG,FER
HKKR,KEY
HKKL,ILU
HKKI,KIS
HKKT,KTL
HKLU,LAU
HKLO,LOK
HKLY,LOY
HKML,MYD
HKMA,NDE
HKMB,RBT
HKMO,MBA
HKMY,OYL
HKNW,WIL
HKJK,NBO
HKNK,NUU
HKNY,NYK
HKNI,NYE
HKSB,UAS
HKWJ,WJR
NGTU,BBG
PCIS,CIS
PLCH,CXI
NGTA,TRW
OKBK,KWI
UAFM,FRU
UAFO,OSS
VLAP,AOU
VLHS,OUI
VLLN,LXG
VLLB,LPQ
VLOS,ODY
VLPS,PKZ
VLSN,NEU
VLSV,VNA
VLSK,ZVK
VLSB,ZBY
VLTK,THK
VLVT,VTE
VLXK,XKH
EVLA,LPX
EVRA,RIX
EVVA,VTS
OLBA,BEY
OLKA,KYE
FXLR,LRB
FXMF,MFC
FXMM,MSU
FXMK,MKH
FXQN,UNE
FXSH,SHK
FXSM,SOK
GLBU,UCN
GLNA,NIA
GLGE,SNI
GLCP,CPA
GLMR,MLW
GLRB,ROB
GLTN,THC
HLLB,BEN
HLON,HUQ
HLKF,AKF
HLMB,LMQ
HLLS,SEB
HLLT,TIP
ELLX,LUX
LWOH,OHD
LWSK,SKP
FMNJ,IVA
FMMZ,WAM
FMNE,AMB
FMSY,AMP
FMNL,HVA
FMND,ZWA
FMMK,JVA
FMSZ,WAK
FMNH,ANM
FMMI,TNR
FMMG,WAQ
FMME,ATJ
FMNA,DIE
FMNW,WAI
FMNF,WBD
FMSL,OVA
FMML,BMD
FMSB,WBO
FMNQ,BPY
FMSG,RVA
FMSF,WFI
FMSI,IHO
FMMQ,ILK
FMNM,MJN
FMMH,VVB
FMMO,MXT
FMMC,WML
FMSK,WVK
FMNC,WMR
FMSM,MNJ
FMSC,WMD
FMNX,WMA
FMSJ,MJA
FMNR,WMN
FMMN,ZVA
FMMR,TVA
FMSR,MXM
FMMV,MOQ
FMNN,NOS
FMNG,WPB
FMMS,SMS
FMNS,SVB
FMNO,DWB
FMMU,WTA
FMSN,TDV
FMMT,TMM
FMSD,FTU
FMST,TLE
FMNT,TTS
FMMX,WTS
FMMY,VAT
FMNV,VOH
FWCL,BLZ
FWCD,CEH
FWCM,CMK
FWDW,DWA
FWKA,KGJ
FWKG,KBQ
FWLK,LIX
FWLI,LLW
FWMG,MAI
FWMY,MYZ
FWUU,ZZU
FWSM,LMB
WMKA,AOR
WBGZ,BBN
WBGB,BTU
WMKB,BWH
WMKI,IPH
WMKJ,JHB
WMKE,KTE
WMKC,KBR
WBKK,BKI
WMKK,KUL
WMSA,SZB
WMKN,TGG
WMKD,KUA
WBGG,KCH
WBKL,LBU
WBKD,LDU
WMKL,LGK
WBGW,LWY
WMKM,MKZ
WBGM,MUR
WBGR,MYY
WBGK,MKM
WMKP,PEN
WBKS,SDK
WMBI,TPG
WBKW,TWU
VRMG,GAN
VRMH,HAQ
VRMT,KDO
VRMM,MLE
GABS,BKO
GAGO,GAQ
GAGM,GUD
GAKY,KYS
GAKA,KNZ
GAKO,KTX
GAMB,MZI
GANK,NRM
GANR,NIX
GASK,KSS
GATB,TOM
GAYE,EYL
LMML,MLA
PKMA,ENT
N55,UIT
PKWA,KWA
PKMJ,MAJ
TFFF,FDF
GQNA,AEO
GQNJ,AJJ
GQPA,ATR
GQNE,BGH
GQNB,OTL
GQPF,FGD
GQNK,KED
GQNF,KFA
GQNL,MOM
GQNI,EMN
GQPP,NDB
GQNN,NKC
GQNS,SEY
GQNT,THT
GQNC,THI
GQND,TIY
GQNH,TMD
GQPZ,OUZ
FIMP,MRU
FIMR,RRG
MMAA,ACA
MMAS,AGU
MMCP,CPE
MMUN,CUN
MMCM,CTM
MMCU,CUU
MMCE,CME
MMCS,CJS
MMCN,CEN
MMCV,CVM
MMIA,CLQ
MMCZ,CZM
MMCB,CVJ
MMCL,CUL
MMDO,DGO
MMGL,GDL
MMGM,GYM
MMGR,GUB
MMHO,HMO
MMBT,HUX
MMZH,ZIH
MMJA,JAL
MMLP,LAP
MMLC,LZC
MMLO,BJX
MMLT,LTO
MMSD,SJD
MMLM,LMM
MMZO,ZLO
MMMA,MAM
MMMZ,MZT
MMMD,MID
MMML,MXL
MMMX,MEX
MMMT,MTT
MMMV,LOV
MMMY,MTY
MMMM,MLM
MMNL,NLD
MMOX,OAX
MMPG,PDS
MMPA,PAZ
MMPB,PBC
MMPS,PXM
MMPR,PVR
MMQT,QRO
MMRX,REX
MMIO,SLW
MMSP,SLP
MMTM,TAM
MMTP,TAP
MMEP,TPQ
MMTJ,TIJ
MMTO,TLC
MMTC,TRC
MMTG,TGZ
MMPN,UPN
MMVR,VER
MMVA,VSA
MMZC,ZCL
PTRO,ROR
PTSA,KSA
PTPN,PNI
TT02,ULI
PTKK,TKK
PTYA,YAP
LUKK,KIV
LNMC,MCM
ZMAT,LTI
ZMAH,AVK
ZMBU,UUN
ZMBH,BYN
ZMBN,UGA
ZMCD,COQ
ZMUB,ULN
LYPG,TGD
LYTV,TIV
GMAD,AGA
GMTA,AHU
GMMN,CMN
GMMC,CAS
GMFK,ERH
GMFF,FEZ
GMMX,RAK
GMMZ,OZZ
GMFO,OUD
GMME,RBA
GMMS,SFI
GMMF,SII
GMAT,TTA
GMTT,TNG
GMTN,TTU
FQAG,ANO
FQBR,BEW
FQCH,VPY
FQCB,FXO
FQIN,INH
FQLC,VXC
FQMA,MPM
FQMP,MZB
FQNC,MNC
FQNP,APL
FQPB,POL
FQQL,UEL
FQTT,TET
FQVL,VNX
VYBG,NYU
VYDW,TVY
VYGG,GAW
VYGW,GWA
VYHH,HEH
VYHL,HOX
VYPA,PAA
VYPP,PPU
VYKI,KHM
VYKT,KAW
VYKG,KET
VYKP,KYP
VYLS,LSH
VYLK,LIW
VYMW,MWQ
VYMN,MGU
VYCZ,MDL
VYMM,MNU
VYMO,MOE
VYMT,MGK
VYMS,MOG
VYME,MGZ
VYMK,MYT
VYNS,NMS
VYPU,PKK
VYPN,BSX
VYPK,PAU
VYPT,PBU
VYPY,PRU
VYSW,AKY
VYTL,THL
VYTD,SNW
VYYY,RGN
VYYE,XYE
FYAR,ADI
FYGF,GFY
FYKM,MPA
FYKT,KMP
FYLZ,LUD
FYNA,NNI
FYOO,OKF
FYOA,OND
FYOG,OMD
FYRU,NDU
FYSM,SWP
FYTM,TSB
FYWB,WVB
FYWE,ERS
FYWH,WDH
ANAU,INU
VNBL,BGL
VNBT,BIT
VNBG,BJH
VNBR,BJU
VNBW,BWA
VNBP,BHR
VNBJ,BHP
VNVT,BIR
VNDG,DNP
VNDL,DAP
VNDH,DHI
VNDP,DOP
VNGK,GKH
VNJP,JKR
VNJS,JMO
VNJL,JUM
VNKT,KTM
VNLD,LDN
VNLK,LUA
VNMA,NGX
VNMG,MEY
VNNG,KEP
VNPK,PKR
VNRB,RJB
VNRC,RHP
VNRK,RUK
VNRT,RUM
VNSR,FEB
VNSI,SIF
VNST,IMK
VNSK,SKH
VNTR,TMI
EHAM,AMS
EHTW,ENS
EHGG,GRQ
EHLE,LEY
EHBK,MST
EHRD,RTM
TNCB,BON
TNCC,CUR
TNCS,SAB
TNCE,EUX
TNCM,SXM
NWWE,ILP
NWWH,HLU
NWWD,KNQ
NWWK,KOC
NWWL,LIF
NWWR,MEE
NWWM,GEA
NWWW,NOU
NWWV,UVE
NWWU,TOU
NZLX,ALR
NZAS,ASG
NZAA,AKL
NZWB,BHE
NZCI,CHT
NZCH,CHC
NZDN,DUD
NZGS,GIS
NZGT,GTN
NZGB,GBZ
NZGM,GMN
NZHN,HLZ
NZHK,HKK
NZNV,IVC
NZKO,KKO
NZKI,KBZ
NZKT,KAT
NZKK,KKE
NZMS,MRO
NZMA,MTA
NZMF,MFN
NZMC,MON
NZNR,NPE
NZNS,NSN
NZNP,NPL
NZOU,OAM
NZOH,OHA
NZPM,PMR
NZPP,PPQ
NZQN,ZQN
NZRA,RAG
NZRO,ROT
NZAP,TUO
NZTG,TRG
NZTH,TMZ
NZTU,TIU
NZWO,WIR
NZWF,WKA
NZWU,WAG
NZWN,WLG
NZWS,WSZ
NZWK,WHK
NZWR,WRE
MNBL,BEF
MNMG,MGA
MNPC,PUZ
DRZA,AJY
DRRM,MFQ
DRRN,NIM
DRRT,THZ
DRZR,ZND
DNAA,ABV
DNAK,AKR
DNBE,BNI
DNCA,CBQ
DNEN,ENU
DNIB,IBA
DNIL,ILR
DNJO,JOS
DNKA,KAD
DNKN,KAN
DNMM,LOS
DNMA,MIU
DNMN,MXJ
DNPO,PHC
DNSO,SKO
DNYO,YOL
DNZA,ZAR
ZKPY,FNJ
PGRO,ROP
PGSN,SPN
ENAL,AES
ENAT,ALF
ENAN,ANX
ENDU,BDU
ENBS,BJF
ENBR,BGO
ENBV,BVG
ENBO,BOO
ENBN,BNN
ENEV,EVE
ENFG,VDB
ENLI,FAN
ENFL,FRO
ENBL,FDE
ENDI,DLD
ENKL,GLL
ENHA,HMR
ENHF,HFT
ENHK,HAA
ENHD,HAU
ENHV,HVG
ENKA,QKX
ENKR,KKN
ENCN,KRS
ENKB,KSU
ENNA,LKL
ENSO,SRP
ENLK,LKN
ENSB,LYR
ENMH,MEH
ENRA,MQN
ENML,MOL
ENMS,MJF
ENRY,RYG
ENNM,OSY
ENNK,NVK
ENNO,NTB
ENOL,OLA
ENOV,HOV
ENGM,OSL
ENRO,RRS
ENRM,RVK
ENRS,RET
ENSD,SDN
ENTO,TRF
ENST,SSJ
ENSN,SKE
ENSG,SOG
ENSR,SOJ
ENZV,SVG
ENVA,TRD
ENSK,SKN
ENSH,SVJ
ENTC,TOS
ENVD,VDS
ENSS,VAW
OOKB,KHS
OONR,OMM
OOMA,MSH
OOMS,MCT
OOSA,SLL
OOTH,TTH
OPBW,BHV
OPBN,BNP
OPCL,CHB
OPCH,CJL
OPDB,DBA
OPDG,DEA
OPDI,DSK
OPFA,LYP
OPGT,GIL
OPGD,GWD
OPKD,HDD
OPRN,ISB
OPJI,JIW
OPKC,KHI
OPKH,KDD
OPLA,LHE
OPMA,XJM
OPMJ,MJD
OPMT,MUX
OPMF,MFG
OPNH,WNS
OPOR,ORW
OPPG,PJG
OPPC,PAJ
OPPI,PSI
OPPS,PEW
OPQT,UET
OPRK,RYK
OPRT,RAZ
OPSS,SDT
OPSN,SYW
OPSB,SBQ
OPMP,MPD
OPSD,KDU
OPSU,SUL
OPSK,SKZ
OPTA,TLB
OPTU,TUK
OPZB,PZH
MPBO,BOC
MPCH,CHX
MPEJ,ONX
MPDA,DAV
MPJE,JQE
MPTO,PTY
AYGA,GKA
AYLA,LAE
AYMD,MAG
AYMH,HGU
AYPY,POM
AYRB,RAB
AYWK,WWK
SGAS,ASU
SGEN,ENO
SPAR,ALD
SPHY,ANS
SPHZ,ATA
SPQU,AQP
SPHO,AYP
SPBL,BLP
SPJR,CJA
SPPY,CHH
SPHI,CIX
SPEO,CHM
SPZO,CUZ
SPNC,HUU
SPBR,IBP
SPQT,IQT
SPJJ,JAU
SPJI,JJI
SPJL,JUL
SPOV,SYC
SPIM,LIM
SPBB,MBP
SPSO,PIO
SPUR,PIU
SPCL,PCL
SPTU,PEM
SPIL,UMI
SPJA,RIJ
SPLN,RIM
SPJN,SJA
SPRN,SMG
SPTN,TCQ
SPYL,TYL
SPST,TPP
SPGM,TGI
SPRU,TRU
SPME,TBP
SPMS,YMS
RPLC,CRK
RPVB,BCD
RPUZ,BGN
RPUB,BAG
RPUR,BQA
RPUO,BSO
RPMF,BPH
RPMN,SGS
RPVE,MPH
RPVV,USU
RPME,BXU
RPML,CGY
RPUK,CPP
RPVC,CYP
RPVF,CRM
RPUY,CYZ
RPVM,CEB
RPMC,CBO
RPLO,CYU
RPUD,DTE
RPMD,DVO
RPMG,DPL
RPVD,DGT
RPUW,MRQ
RPMR,GES
RPVG,SAA
RPVH,HIL
RPMI,IGN
RPVI,ILO
RPMV,IPE
RPMJ,JOL
RPVK,KLO
RPLI,LAO
RPLP,LGP
RPMX,LLY
RPLU,LBX
RPMM,MLP
RPMH,CGM
RPUM,MBO
RPLL,MNL
RPMU,CDY
RPVJ,MBT
RPMQ,MXI
RPUN,WNP
RPVO,OMC
RPMO,OZC
RPMP,PAG
RPVP,PPS
RPVR,RXS
RPUS,SFE
RPUH,SJI
RPVS,EUQ
RPNS,SIA
RPLB,SFS
RPMA,AAV
RPMS,SUG
RPVU,TBH
RPVA,TAC
RPVT,TAG
RPMW,TDG
RPUT,TUG
RPUQ,VGN
RPUV,VRC
RPMZ,ZAM
EPBY,BZG
EPGD,GDN
EPKK,KRK
EPLL,LCJ
EPPO,POZ
EPKT,KTW
EPRZ,RZE
EPSC,SZZ
EPSY,SZY
EPWA,WAW
EPWR,WRO
EPZG,IEG
LPBR,BGZ
LPBG,BGC
LPCH,CHV
LPCO,CBP
LPCR,CVU
LPCV,COV
LPHR,HOR
LPFR,FAO
LPFL,FLW
LPMA,FNC
LPGR,GRW
LPPI,PIX
LPPT,LIS
LPPM,PRM
LPPR,OPO
LPPS,PXO
LPAZ,SMA
LPSJ,SJZ
LPPD,PDL
LPSI,SIE
LPVR,VRL
LPVZ,VSE
TJBQ,BQN
TJAB,ABO
TJFA,FAJ
TJCP,CPX
TJVQ,VQS
TJMZ,MAZ
TJPS,PSE
TJIG,SIG
TJSJ,SJU
OTBD,DOH
FMEE,RUN
LRAR,ARW
LRBC,BCM
LRBM,BAY
LRBS,BBU
LROP,OTP
LRCS,CSB
LRCL,CLJ
LRCK,CND
LRCV,CRA
LRIA,IAS
LROD,OMR
LRSM,SUJ
LRSB,SBZ
LRSV,SCV
LRTM,TGM
LRTR,TSR
LRTC,TCE
UEAA,ADH
ULDD,AMV
UHMA,DYR
URKA,AAQ
ULAA,ARH
URWA,ASF
UNBB,BAX
UUOB,EGO
UHBB,BQS
UIBB,BTK
UWKS,CSY
USCC,CEK
UIAA,HTA
UESO,CKH
UELL,CNN
UUII,IKT
UMKK,KGD
UWKD,KZN
UNEE,KEJ
UHHH,KHV
USKK,KVX
ULKK,KSZ
URKK,KRR
UNKL,KJA
UNKY,KYZ
UHMM,GDX
UHBI,GDG
USCM,MQF
URMM,MRV
UERR,MJZ
UUEE,SVO
UUWW,VKO
UUDD,DME
ULMM,MMK
URMN,NAL
ULAM,NNM
USNN,NJC
UWGG,GOJ
UOOO,NSK
UNWW,NOZ
UNNT,OVB
UNOO,OMS
UWOO,REN
UWOR,OSW
UWPP,PEZ
USPP,PEE
UHPP,PKC
ULPB,PES
UHMP,PWE
UERP,PYJ
UHMD,PVS
ULOO,PKV
URRR,ROV
ULLI,LED
UWWW,KUF
UWSS,RTW
URMT,STW
USRR,SGC
UUYY,SCW
UWUU,UFA
UUYH,UCT
UIUU,UUD
URMO,OGZ
UHWW,VVO
URWW,VOG
UUOO,VOZ
UEEE,YKS
USSS,SVX
UHSS,UUS
HRYI,BTQ
HRYG,GYI
HRZA,KME
HRYR,KGL
HRYU,RHG
TLPC,SLU
TLPL,UVF
LFVP,FSP
FPPR,PCP
FPST,TMS
OEAB,AHB
OEAH,HOF
OEBA,ABT
OESK,AJF
OERR,RAE
OEBH,BHH
OEDF,DMM
OEDW,DWD
OEGS,ELQ
OEGN,GIZ
OEGT,URY
OEHL,HAS
OEJN,JED
OEKK,HBT
OEMA,MED
OENG,EAM
OEPA,EPA
OERF,RAH
OERK,RUH
OESH,ESH
OETB,TUU
OETF,TIF
OETR,TUI
OEWD,EWD
OEWJ,EJH
OEYN,YNB
GOTB,BXE
GOGS,CSK
GOOY,DKR
GOOK,KLC
GOTK,KGG
GOGK,KDA
GOSM,MAX
GOSP,POD
GOSR,RDT
GOTS,SMY
GOSS,XLS
GOTT,TUD
GOGG,ZIG
LYBE,BEG
LYNI,INI
LYNS,QND
LYPA,QBG
LYPR,PRN
LYUZ,ZZE
LYVA,QWV
FSSB,BDI
FSSD,DEI
FSDR,DES
FSSF,FRK
FSPP,PRI
FSIA,SEZ
GFBO,KBS
GFBN,BTE
GFLL,FNA
GFGK,GBK
GFHA,HGS
GFKB,KBA
GFKE,KEN
GFYE,WYE
WSSS,SIN
LZIB,BTS
LZKZ,KSC
LZPP,PZY
LZTT,TAT
LZSL,SLD
LZZI,ILZ
LJLJ,LJU
LJMB,MBX
LJPZ,POW
AGGH,HIR
AGGM,MUA
HCMA,ALU
HCMI,BBO
HCMF,BSA
HCMV,BUO
HCMC,CXN
HCME,HCM
HCMU,ERA
HCMR,GLK
HCMG,GSR
HCMK,KMU
HCMM,MGQ
HCMO,CMO
HCMS,CMS
FAAB,ALJ
FABE,BIY
FABL,BFN
FACT,CPT
FACD,CDO
FAVG,VIR
FADN,DUR
FAEL,ELS
FAEM,EMG
FAFB,FCB
FAGG,GRJ
FAGI,GIY
FAGC,GCJ
FAHR,HRS
FAHL,HLW
FAHT,HDS
FAJS,JNB
FAGM,QRA
FAKM,KIM
FAKZ,KLZ
FAKD,KXE
FAKP,KOF
FAKU,KMH
FALY,LAY
FALW,SDB
FALA,HLA
FALC,LMR
FALO,LCD
FAMM,MBD
FAMD,AAM
FAMN,LLE
FAMG,MGH
FANS,NLP
FANC,NCS
FAOH,OUH
FAPH,PHW
FAPM,PZB
FAPI,PTG
FAPN,NTY
FAPG,PBZ
FAPA,AFD
FAPE,PLZ
FAWB,PRY
FAPK,PRK
FAQT,UTW
FARI,RVO
FARB,RCB
FARS,ROD
FASC,ZEC
FASS,SIS
FASZ,SZK
FASB,SBU
FATZ,LTA
FAUL,ULD
FAUT,UTT
FAUP,UTN
FAVR,VRE
FAVB,VRU
FAVY,VYD
FAWM,WEL
RKPC,CJU
RKPE,CHF
RKTU,CJJ
RKNC,QUN
RKSI,ICN
RKNN,KAG
RKJK,KUV
RKJJ,KWJ
RKJM,MPK
RKSO,OSN
RKTH,KPO
RKPK,PUS
RKSS,SEL
RKSM,SSN
RKND,SHO
RKSW,SWU
RKTN,TAE
RKPU,USN
RKNW,WJU
RKTY,YEC
RKJY,RSU
LECO,LCG
LEAB,ABC
LEAL,ALC
LEAM,LEI
GCRR,ACE
LEAS,OVD
LEBZ,BJZ
LEBL,BCN
LEBB,BIO
GECT,JCU
LEBA,ODB
GCHI,VDE
GCFV,FUE
LEGE,GRO
LEGR,GRX
GCTS,TFS
LEIB,IBZ
LEJR,XRY
GCGM,GMZ
GCXO,TFN
GCLA,SPC
GCLP,LPA
LELN,LEN
LELO,RJL
LEMD,MAD
LETO,TOJ
LEMG,AGP
GEML,MLN
LEMH,MAH
LELC,MJV
LEPA,PMI
LEPP,PNA
LERS,REU
LELL,QSA
LESA,SLM
LESO,EAS
LEXJ,SDR
LEST,SCQ
LEZL,SVQ
LEVC,VLC
LEVD,VLL
LEVX,VGO
LEVT,VIT
LEZG,ZAZ
VCCA,ADP
VCCB,BTC
VCBI,CMB
VCCC,RML
VCCG,GOY
VCCJ,JAF
VCCT,TRR
TVSV,SVD
TVSU,UNI
HSAT,ATB
HSGG,DNX
HSDN,DOG
HSFS,ELF
HSNH,NUD
HSOB,EBD
HSGF,GSU
HSGN,EGN
HSSJ,JUB
HSKA,KSL
HSSS,KRT
HSKI,KST
HSSM,MAK
HSMR,MWE
HSNW,NHF
HSNL,UYL
HSPN,PZU
HSSW,WHF
HSWW,WUU
SMPA,OEM
SMZO,ORG
SMJP,PBM
FDMS,MTS
ESTA,AGH
ESNX,AJR
ESSD,BLE
ESSU,EKT
ESNG,GEV
ESSK,GVX
ESGP,GSE
ESGG,GOT
ESOH,HFS
ESMT,HAD
ESUT,HMV
ESNH,HUV
ESSF,HLF
ESUE,IDB
ESGJ,JKG
ESMQ,KLR
ESKK,KSK
ESOK,KSD
ESNQ,KRN
ESNK,KRF
ESMK,KID
ESGL,LDK
ESSL,LPI
ESPA,LLA
ESNL,LYC
ESMS,MMX
ESKM,MXX
ESSP,NRK
ESOE,ORB
ESNO,OER
ESMO,OSK
ESPC,OSD
ESUP,PJA
ESDF,RNB
ESNS,SFT
ESGR,KVB
ESNY,SOO
ESSA,ARN
ESSB,BMA
ESKN,NYO
ESUD,SQO
ESNN,SDL
ESND,EVG
ESST,TYF
ESGT,THN
ESNU,UME
ESOW,VST
ESSW,VVK
ESMX,VXO
ESNV,VHM
ESSV,VBY
LSZB,BRN
LSGG,GVA
LSZA,LUG
LSZS,SMV
LSGS,SIR
LSZR,ACH
LSZH,ZRH
OSAP,ALP
OSDI,DAM
OSDZ,DEZ
OSKL,KAC
OSLK,LTK
OSPR,PMS
RCKH,KHH
RCSS,TSA
RCTP,TPE
UTDD,DYU
UTDL,LBD
HTAR,ARK
HTBU,BKZ
HTDA,DAR
HTDO,DOD
HTIR,IRI
HTKA,TKQ
HTKJ,JRO
HTKI,KIY
HTLM,LKY
HTLI,LDI
HTMA,MFA
HTMI,XMI
HTMB,MBI
HTMT,MYW
HTMU,MUZ
HTMD,MWN
HTMW,MWZ
HTNA,NCH
HTNJ,JOM
HTPE,PMA
HTSN,SEU
HTSY,SHY
HTSO,SGX
HTSU,SUT
HTTB,TBO
HTTG,TGT
HTZA,ZNZ
VTBD,BKK
VTCC,CNX
VTCR,N/A
VTCT,CEI
VTBS,QHI
VTSS,HDY
VTPH,HHQ
VTSM,USM
VTUK,KKC
VTSG,KBV
VTCL,LPT
VTUL,LOE
VTCH,HGN
VTPM,MAQ
VTUW,KOP
VTUQ,NAK
VTSN,NST
VTCN,NNT
VTSC,NAW
VTSK,PAN
VTBU,UTP
VTPP,PHS
VTCP,PRH
VTSP,HKT
VTSR,UNN
VTUI,SNO
VTSH,SGZ
VTPO,THS
VTSB,URT
VTPT,TKT
VTST,TST
VTUU,UBP
VTUD,UTP
VTPU,UTR
DXXX,LFW
DXNG,LRL
NFTL,HPA
NFTP,NTT
NFTF,TBU
NFTV,VAV
TTPP,POS
DTTJ,DJE
DTTR,EBM
DTTF,GAF
DTMB,MIR
DTTX,SFA
DTKA,TBJ
DTTZ,TOE
DTTA,TUN
LTAF,ADA
LTCP,ADF
LTCO,AJI
LTAC,ESB
LTAI,AYT
LTFD,EDO
LTCJ,BAL
LTBR,YEI
LTBH,CKZ
LTAY,DNZ
LTCC,DIY
LTCA,EZS
LTCD,ERC
LTCE,ERZ
LTBY,AOE
LTAJ,GZT
LTFG,GZP
LTFC,ISE
LTBA,IST
LTFJ,SAW
LTBJ,ADB
LTCN,KCM
LTCF,KSY
LTAU,ASR
LTAN,KYA
LTAT,MLX
LTCR,MQM
LTFE,BJV
LTBS,DLM
LTCK,MSR
LTAZ,NAV
LTFH,SZF
LTCH,SFQ
LTCL,SXZ
LTAR,VAS
LTBU,TEQ
LTCG,TZX
LTCI,VAN
UTAA,ASB
MBGT,GDT
NGFU,FUN
TISX,STX
TIST,STT
KABR,ABR
KABI,ABI
KCAK,CAK
KABY,ABY
KALB,ALB
KABQ,ABQ
KAEX,AEX
KABE,ABE
KAPN,APN
KAOO,AOO
KAMA,AMA
PALH,LHD
PAMR,MRI
PANC,ANC
PANI,ANI
KATW,ATW
KACV,ACV
KDCA,DCA
KAVL,AVL
KASE,ASE
KAHN,AHN
KATL,ATL
KACY,ACY
KAGS,AGS
KAUS,AUS
KBFL,BFL
KBWI,BWI
KBGR,BGR
KBHB,BHB
PABR,BRW
KBTR,BTR
KBPT,BPT
KBED,BED
KBLI,BLI
KBJI,BJI
PABE,BET
KBIL,BIL
KBGM,BGM
KBHM,BHM
KBIS,BIS
KBMI,BMI
KBOI,BOI
KBOS,BOS
KBZN,BZN
KBRD,BRD
KBRO,BRO
KBQK,BQK
KBUF,BUF
KIFP,IFP
KBUR,BUR
KBTV,BTV
KBTM,BTM
KCRQ,CRQ
KCPR,CPR
KCDC,CDC
KCID,CID
KCMI,CMI
KIAD,IAD
KCHS,CHS
KCRW,CRW
KCVX,CVX
KCLT,CLT
KCHO,CHO
KCHA,CHA
KCYS,CYS
KORD,ORD
KMDW,MDW
KCIC,CIC
KCKB,CKB
KCLE,CLE
KCOD,COD
KCLL,CLL
KCOS,COS
KCOU,COU
KCAE,CAE
KCSG,CSG
KGTR,GTR
KCMH,CMH
PACV,CDV
KCRP,CRP
KCVG,CVG
KCEC,CEC
KDAL,DAL
KDFW,DFW
KDAY,DAY
KDAB,DAB
PASC,SCC
KDEC,DEC
KDEN,DEN
KDSM,DSM
KDTW,DTW
PADL,DLG
KDHN,DHN
KDUJ,DUJ
KDBQ,DBQ
KDLH,DLH
KDRO,DRO
KEGE,EGE
KEAU,EAU
KELP,ELP
KEKO,EKO
KELM,ELM
KERI,ERI
KEUG,EUG
KEVV,EVV
PAFA,FAI
KFAR,FAR
KFMN,FMN
KXNA,XNA
KFAY,FAY
KFLG,FLG
KFNT,FNT
KFLO,FLO
KFLL,FLL
KRSW,RSW
KFSM,FSM
KFWA,FWA
KFAT,FAT
KFHR,FHR
KGNV,GNV
PAGA,GAL
KGCC,GCC
KGFK,GFK
KGJT,GJT
KGRR,GRR
KGTF,GTF
KGRB,GRB
KGSO,GSO
KPGV,PGV
KGSP,GSP
KGPT,GPT
KGUC,GUC
KHGR,HGR
KSUN,SUN
PHHN,HNM
KCMX,CMX
KHRL,HRL
KMDT,MDT
KPIB,PIB
KHDN,HDN
KHLN,HLN
PHTO,ITO
KHXD,HXD
PAHO,HOM
PHNL,HNL
KEFD,EFD
KHOU,HOU
KIAH,IAH
KHTS,HTS
KHSV,HSV
KHYA,HYA
KIDA,IDA
KIPL,IPL
KIND,IND
KINL,INL
KIYK,IYK
KISP,ISP
KITH,ITH
KJAN,JAN
KJAC,JAC
KJAX,JAX
KOAJ,OAJ
KJHW,JHW
KJST,JST
KJLN,JLN
PAJN,JNU
PHOG,OGG
PHKO,KOA
KAZO,AZO
KGPI,GPI
KMCI,MCI
PHMK,MKK
PAEN,ENA
PAKT,KTN
KEYW,EYW
KGRK,GRK
PAKN,AKN
KLMT,LMT
KTYS,TYS
PADQ,ADQ
PAOT,OTZ
KLSE,LSE
KLAF,LAF
KLFT,LFT
KLCH,LCH
PHNY,LNY
KLNS,LNS
KLAN,LAN
KLRD,LRD
KLAS,LAS
KVGT,VGT
KLBE,LBE
KLAW,LAW
KLWS,LWS
KLEX,LEX
PHLI,LIH
KLNK,LNK
KLIT,LIT
KLGB,LGB
KGGG,GGG
KLAX,LAX
KSDF,SDF
KLBB,LBB
KLYH,LYH
KMCN,MCN
KMSN,MSN
KMHT,MHT
KMHK,MHK
KMKT,MKT
KMWA,MWA
KSAW,SAW
KMCW,MCW
KMFE,MFE
KMFR,MFR
KMLB,MLB
KMEM,MEM
KMEI,MEI
KMIA,MIA
KMAF,MAF
KMKE,MKE
KMSP,MSP
KMOT,MOT
KMSO,MSO
KMOB,MOB
KMOD,MOD
KMLI,MLI
KMLU,MLU
KMRY,MRY
KMGM,MGM
KMTJ,MTJ
KMGW,MGW
KCWA,CWA
KMKG,MKG
KMYR,MYR
KACK,ACK
KAPF,APF
KBNA,BNA
KEWB,EWB
KEWN,EWN
KHVN,HVN
KMSY,MSY
KJFK,JFK
KLGA,LGA
KEWR,EWR
KSWF,SWF
KPHF,PHF
PAOM,OME
KORF,ORF
KOTH,OTH
KOAK,OAK
KOKC,OKC
KOMA,OMA
KONT,ONT
KSFB,SFB
KMCO,MCO
KOXR,OXR
KPAH,PAH
KPGA,PGA
KPSP,PSP
KPFN,PFN
KPKB,PKB
KPSC,PSC
KPLN,PLN
KPDT,PDT
KPNS,PNS
KPIA,PIA
PAPG,PSG
KPHL,PHL
KPHX,PHX
KPIR,PIR
KPIT,PIT
KPIH,PIH
KCLM,CLM
KPCW,PCW
KPWM,PWM
KPDX,PDX
KPSM,PSM
KPQI,PQI
KPVD,PVD
KPVC,PVC
KPUW,PUW
KUIN,UIN
KRDU,RDU
KRAP,RAP
KRDG,RDG
KRDD,RDD
KRDM,RDM
KRNO,RNO
KRHI,RHI
KRIC,RIC
KRIW,RIW
KROA,ROA
KRST,RST
KROC,ROC
KRKD,RKD
KSMF,SMF
KMBS,MBS
KSBY,SBY
KSLC,SLC
KSJT,SJT
KSAT,SAT
KSAN,SAN
KSFO,SFO
KSJC,SJC
KSBP,SBP
KSNA,SNA
KSBA,SBA
KSAF,SAF
KSMX,SMX
KSRQ,SRQ
KCIU,CIU
KSAV,SAV
KBFI,BFI
KSEA,SEA
KSHR,SHR
KSHV,SHV
KSDY,SDY
KSUX,SUX
KFSD,FSD
PASI,SIT
KSBN,SBN
KGEG,GEG
KSPI,SPI
KSGF,SGF
KSTC,STC
KSGU,SGU
KSTL,STL
KPIE,PIE
KUNV,UNV
KSCK,SCK
KSYR,SYR
KTLH,TLH
KTPA,TPA
KTEX,TEX
KTXK,TXK
KTOL,TOL
KFOE,FOE
KTVC,TVC
KTTN,TTN
KTRI,TRI
KTUS,TUS
KTUL,TUL
KTUP,TUP
KGCN,GCN
KTWF,TWF
KTYR,TYR
PADU,DUT
PAVD,VDZ
KVLD,VLD
KVPS,VPS
KVCT,VCT
KVCV,VCV
KMVY,MVY
KACT,ACT
KALW,ALW
KALO,ALO
KEAT,EAT
KPBI,PBI
KHPN,HPN
KSPS,SPS
KICT,ICT
KAVP,AVP
KIPT,IPT
KILM,ILM
KBDL,BDL
KORH,ORH
KYKM,YKM
PAYA,YAK
KYUM,YUM
HUAR,RUA
HUEN,EBB
HUGU,ULU
HUJI,JIN
HUKS,KSE
HUMI,KCU
HUMA,MBQ
HUPA,PAF
HUSO,SRT
HUTO,TRY
UKDD,DNK
UKCC,DOK
UKLI,IFO
UKHH,HRK
UKKK,IEV
UKBB,KBP
UKDR,KWG
UKLL,LWO
UKON,NLV
UKOO,ODS
UKLR,RWN
UKFF,SIP
UKLU,UDJ
UKWW,VIN
UKDE,OZH
OMAD,AZI
OMAA,AUH
OMAL,AAN
OMDB,DXB
OMFJ,FJR
OMRK,RKT
OMSJ,SHJ
EGPD,ABZ
EGEW,WRY
EGJA,ACI
EGPU,TRE
EGPR,BRR
EGNL,BWF
EGHL,QLA
EGAC,BHD
EGAA,BFS
EGPL,BEB
EGBB,BHX
EGNH,BLK
EGHH,BOH
EGGD,BRS
EGLK,BBS
EGSC,CBG
EGEC,CAL
EGMH,MSE
EGFF,CWL
EGNC,CAX
EGNR,CEG
EGBE,CVT
EGAE,LDY
EGPN,DND
EGNX,EMA
EGPH,EDI
EGAB,ENK
EGTE,EXT
EGLF,FAB
EGTG,FZO
EGPF,GLA
EGPK,PIK
EGJB,GCI
EGFE,HAW
EGPE,INV
EGPI,ILY
EGNS,IOM
EGJJ,JER
EGNJ,HUY
EGPA,KOI
EGET,LWK
EGPM,SCS
EGGP,LPL
EGLL,LHR
EGGW,LTN
EGSS,STN
EGLC,LCY
EGKB,BQH
EGKK,LGW
EGMD,LYX
EGCC,MAN
EGNT,NCL
EGDQ,NQY
EGEN,NRL
EGBK,ORM
EGSH,NWI
EGBN,NQT
EGTK,OXF
EGEP,PPW
EGPT,PSL
EGHD,PLH
EGKR,KRH
EGTO,RCS
EGHJ,BBP
EGSY,SZE
EGPB,LSI
EGKA,ESH
EGCN,DSA
EGHI,SOU
EGMC,SEN
EGHC,LEQ
EGHE,ISC
EGBJ,GLO
EGPO,SYY
EGFH,SWS
EGNV,MME
EGDJ,UPV
EGNM,LBA
EGEH,WHS
EGPC,WIC
SUAG,ATI
SUCA,CYR
SUDU,DZO
SULS,PDP
SUMO,MLZ
SUMU,MVD
SUPU,PDU
SURV,RVY
SUSO,STY
SUTB,TAW
SUTR,TYT
SUVO,VCH
UTSB,BHK
UTSS,SKD
UTTT,TAS
UTST,TMJ
UTNU,UGC
NVSS,SON
NVVV,VLI
SVAC,AGV
SVAN,AAO
SVBC,BLA
SVBI,BNS
SVBM,BRM
SVCL,CLZ
SVCN,CAJ
SVCO,VCR
SVCP,CUP
SVCB,CBL
SVPR,CGU
SVCR,CZE
SVCU,CUM
SVED,EOR
SVVG,VIG
SVEZ,EOZ
SVGU,GUQ
SVGD,GDO
SVGI,GUI
SVIC,ICA
SVKA,KAV
SVLF,LFR
SVMI,CCS
SVMC,MAR
SVMG,PMV
SVMT,MUN
SVMD,MRD
SVPT,PTM
SVPA,PYH
SVPC,PBL
SVPM,SCI
SVSP,SNF
SVSR,SFD
SVST,SOM
SVSE,SNV
SVSO,STD
SVTC,TUV
SVTM,TMO
SVUM,URM
SVVA,VLN
SVVL,VLV
SVVP,VDP
VVBM,BMV
VVCM,CAH
VVCT,VCA
VVCS,VCS
VVDL,DLI
VVDN,DAD
VVDB,DIN
VVCI,HPH
VVNB,HAN
VVTS,SGN
VVPB,HUI
VVCR,CXR
VVPQ,PQC
VVPK,PXU
VVPC,UIH
VVRG,VKG
VVNS,SQH
VVTH,TBB
VVVH,VII
OYAB,EAB
OYAA,ADE
OYBQ,BUK
OYGD,AAY
OYAT,AXK
OYBN,BHN
OYHD,HOD
OYMB,MYN
OYRN,RIY
OYMK,UKR
OYQN,IHN
OYSH,SYE
OYSN,SAH
OYSY,GXF
OYSQ,SCT
OYTZ,TAI
FLCP,CIP
FLKL,KLB
FLKO,KMZ
FLKY,ZKB
FLKS,KAA
FLKE,ZKP
FLSO,KIW
FLLI,LVI
FLLK,LXU
FLLS,LUN
FLMA,MNS
FLMF,MFU
FLMG,MNR
FLND,NLA
FLNA,ZGM
FLSN,SXG
FLSW,SLI
FLZB,BBZ
FVBU,BUQ
FVCZ,BFO
FVTL,GWE
FVHA,HRE
FVWN,HWN
FVWT,WKI
FVKB,KAB
FVMV,MVZ
FVMU,UTA
FVFA,VFA
